micrograph,Defocus_U,motioncor_aligned_DW,gctf_epa_log,Angle,gctf_ctf_fit,motioncor_log,Phase_shift,motioncor_aligned_no_DW,Resolution,gctf_log,created_at,Defocus_V
20S_468_Mar29_09.34.02,3317.18,20S_468_Mar29_09.34.02_DW.mrc,20S_468_Mar29_09.34.02_EPA.log,16.79,20S_468_Mar29_09.34.02.ctf,20S_468_Mar29_09.34.02_DriftCorr.log,102.23,20S_468_Mar29_09.34.02.mrc,2.963083,20S_468_Mar29_09.34.02_gctf.log,2017-12-05 14:34:05.287452,2813.93
20S_467_Mar29_09.31.32,3821.82,20S_467_Mar29_09.31.32_DW.mrc,20S_467_Mar29_09.31.32_EPA.log,19.07,20S_467_Mar29_09.31.32.ctf,20S_467_Mar29_09.31.32_DriftCorr.log,106.63,20S_467_Mar29_09.31.32.mrc,3.300821,20S_467_Mar29_09.31.32_gctf.log,2017-12-05 14:35:06.540998,3294.4
20S_466_Mar29_09.29.06,5538.27,20S_466_Mar29_09.29.06_DW.mrc,20S_466_Mar29_09.29.06_EPA.log,15.08,20S_466_Mar29_09.29.06.ctf,20S_466_Mar29_09.29.06_DriftCorr.log,96.2,20S_466_Mar29_09.29.06.mrc,3.18,20S_466_Mar29_09.29.06_gctf.log,2017-12-05 14:36:08.265773,4970.99
20S_465_Mar29_09.26.48,3608.93,20S_465_Mar29_09.26.48_DW.mrc,20S_465_Mar29_09.26.48_EPA.log,18.95,20S_465_Mar29_09.26.48.ctf,20S_465_Mar29_09.26.48_DriftCorr.log,108.4,20S_465_Mar29_09.26.48.mrc,3.194029,20S_465_Mar29_09.26.48_gctf.log,2017-12-05 14:37:09.751073,3108.18
20S_464_Mar29_09.24.22,4854.06,20S_464_Mar29_09.24.22_DW.mrc,20S_464_Mar29_09.24.22_EPA.log,17.68,20S_464_Mar29_09.24.22.ctf,20S_464_Mar29_09.24.22_DriftCorr.log,108.74,20S_464_Mar29_09.24.22.mrc,3.3260949999999996,20S_464_Mar29_09.24.22_gctf.log,2017-12-05 14:38:11.295964,4321.62
20S_463_Mar29_09.21.56,5362.58,20S_463_Mar29_09.21.56_DW.mrc,20S_463_Mar29_09.21.56_EPA.log,17.63,20S_463_Mar29_09.21.56.ctf,20S_463_Mar29_09.21.56_DriftCorr.log,103.24,20S_463_Mar29_09.21.56.mrc,3.134112,20S_463_Mar29_09.21.56_gctf.log,2017-12-05 14:39:13.022272,4804.69
20S_462_Mar29_09.19.31,3653.06,20S_462_Mar29_09.19.31_DW.mrc,20S_462_Mar29_09.19.31_EPA.log,17.22,20S_462_Mar29_09.19.31.ctf,20S_462_Mar29_09.19.31_DriftCorr.log,100.63,20S_462_Mar29_09.19.31.mrc,3.2058150000000003,20S_462_Mar29_09.19.31_gctf.log,2017-12-05 14:40:14.532094,3139.71
20S_461_Mar29_09.17.06,3088.04,20S_461_Mar29_09.17.06_DW.mrc,20S_461_Mar29_09.17.06_EPA.log,16.17,20S_461_Mar29_09.17.06.ctf,20S_461_Mar29_09.17.06_DriftCorr.log,100.38,20S_461_Mar29_09.17.06.mrc,3.14546,20S_461_Mar29_09.17.06_gctf.log,2017-12-05 14:41:16.186929,2610.46
20S_460_Mar29_09.14.41,2567.57,20S_460_Mar29_09.14.41_DW.mrc,20S_460_Mar29_09.14.41_EPA.log,12.72,20S_460_Mar29_09.14.41.ctf,20S_460_Mar29_09.14.41_DriftCorr.log,117.97,20S_460_Mar29_09.14.41.mrc,3.398967,20S_460_Mar29_09.14.41_gctf.log,2017-12-05 14:42:17.875616,2050.45
20S_459_Mar29_09.12.16,3296.97,20S_459_Mar29_09.12.16_DW.mrc,20S_459_Mar29_09.12.16_EPA.log,17.49,20S_459_Mar29_09.12.16.ctf,20S_459_Mar29_09.12.16_DriftCorr.log,97.35,20S_459_Mar29_09.12.16.mrc,3.168402,20S_459_Mar29_09.12.16_gctf.log,2017-12-05 14:43:19.536299,2744.66
20S_458_Mar29_09.09.51,4558.31,20S_458_Mar29_09.09.51_DW.mrc,20S_458_Mar29_09.09.51_EPA.log,16.31,20S_458_Mar29_09.09.51.ctf,20S_458_Mar29_09.09.51_DriftCorr.log,86.09,20S_458_Mar29_09.09.51.mrc,2.965106,20S_458_Mar29_09.09.51_gctf.log,2017-12-05 14:44:21.145329,4056.62
20S_457_Mar29_09.07.26,5228.44,20S_457_Mar29_09.07.26_DW.mrc,20S_457_Mar29_09.07.26_EPA.log,16.89,20S_457_Mar29_09.07.26.ctf,20S_457_Mar29_09.07.26_DriftCorr.log,89.58,20S_457_Mar29_09.07.26.mrc,3.354347,20S_457_Mar29_09.07.26_gctf.log,2017-12-05 14:45:22.759341,4696.87
20S_456_Mar29_09.05.01,6144.41,20S_456_Mar29_09.05.01_DW.mrc,20S_456_Mar29_09.05.01_EPA.log,17.15,20S_456_Mar29_09.05.01.ctf,20S_456_Mar29_09.05.01_DriftCorr.log,87.64,20S_456_Mar29_09.05.01.mrc,3.616886,20S_456_Mar29_09.05.01_gctf.log,2017-12-05 14:46:24.375527,5555.38
20S_455_Mar29_09.02.28,4047.2,20S_455_Mar29_09.02.28_DW.mrc,20S_455_Mar29_09.02.28_EPA.log,19.13,20S_455_Mar29_09.02.28.ctf,20S_455_Mar29_09.02.28_DriftCorr.log,99.23,20S_455_Mar29_09.02.28.mrc,3.409639,20S_455_Mar29_09.02.28_gctf.log,2017-12-05 14:47:26.027335,3509.74
20S_454_Mar29_09.00.02,3290.93,20S_454_Mar29_09.00.02_DW.mrc,20S_454_Mar29_09.00.02_EPA.log,13.9,20S_454_Mar29_09.00.02.ctf,20S_454_Mar29_09.00.02_DriftCorr.log,89.86,20S_454_Mar29_09.00.02.mrc,3.298314,20S_454_Mar29_09.00.02_gctf.log,2017-12-05 14:48:27.650050,2823.66
20S_453_Mar29_08.57.37,3924.3,20S_453_Mar29_08.57.37_DW.mrc,20S_453_Mar29_08.57.37_EPA.log,15.25,20S_453_Mar29_08.57.37.ctf,20S_453_Mar29_08.57.37_DriftCorr.log,86.3,20S_453_Mar29_08.57.37.mrc,2.829889,20S_453_Mar29_08.57.37_gctf.log,2017-12-05 14:49:29.209168,3403.84
20S_452_Mar29_08.55.11,5170.43,20S_452_Mar29_08.55.11_DW.mrc,20S_452_Mar29_08.55.11_EPA.log,14.98,20S_452_Mar29_08.55.11.ctf,20S_452_Mar29_08.55.11_DriftCorr.log,79.06,20S_452_Mar29_08.55.11.mrc,2.929116,20S_452_Mar29_08.55.11_gctf.log,2017-12-05 14:50:30.785543,4635.64
20S_451_Mar29_08.52.45,5032.25,20S_451_Mar29_08.52.45_DW.mrc,20S_451_Mar29_08.52.45_EPA.log,15.17,20S_451_Mar29_08.52.45.ctf,20S_451_Mar29_08.52.45_DriftCorr.log,68.82,20S_451_Mar29_08.52.45.mrc,3.0165830000000002,20S_451_Mar29_08.52.45_gctf.log,2017-12-05 14:51:32.417428,4501.9
20S_450_Mar29_08.50.20,3543.72,20S_450_Mar29_08.50.20_DW.mrc,20S_450_Mar29_08.50.20_EPA.log,14.3,20S_450_Mar29_08.50.20.ctf,20S_450_Mar29_08.50.20_DriftCorr.log,77.37,20S_450_Mar29_08.50.20.mrc,3.035555,20S_450_Mar29_08.50.20_gctf.log,2017-12-05 14:52:34.057826,3078.94
20S_449_Mar29_08.47.55,2988.74,20S_449_Mar29_08.47.55_DW.mrc,20S_449_Mar29_08.47.55_EPA.log,13.82,20S_449_Mar29_08.47.55.ctf,20S_449_Mar29_08.47.55_DriftCorr.log,74.02,20S_449_Mar29_08.47.55.mrc,3.125093,20S_449_Mar29_08.47.55_gctf.log,2017-12-05 14:53:35.606161,2465.78
20S_448_Mar29_08.45.31,2908.95,20S_448_Mar29_08.45.31_DW.mrc,20S_448_Mar29_08.45.31_EPA.log,14.52,20S_448_Mar29_08.45.31.ctf,20S_448_Mar29_08.45.31_DriftCorr.log,73.44,20S_448_Mar29_08.45.31.mrc,3.273459,20S_448_Mar29_08.45.31_gctf.log,2017-12-05 14:54:37.237180,2398.62
20S_447_Mar29_08.43.06,3522.8,20S_447_Mar29_08.43.06_DW.mrc,20S_447_Mar29_08.43.06_EPA.log,13.89,20S_447_Mar29_08.43.06.ctf,20S_447_Mar29_08.43.06_DriftCorr.log,59.28,20S_447_Mar29_08.43.06.mrc,3.093931,20S_447_Mar29_08.43.06_gctf.log,2017-12-05 14:55:38.870973,3012.16
20S_446_Mar29_08.40.39,4755.29,20S_446_Mar29_08.40.39_DW.mrc,20S_446_Mar29_08.40.39_EPA.log,15.91,20S_446_Mar29_08.40.39.ctf,20S_446_Mar29_08.40.39_DriftCorr.log,55.95,20S_446_Mar29_08.40.39.mrc,2.655183,20S_446_Mar29_08.40.39_gctf.log,2017-12-05 14:56:40.470362,4214.09
20S_445_Mar29_08.38.15,5326.46,20S_445_Mar29_08.38.15_DW.mrc,20S_445_Mar29_08.38.15_EPA.log,16.53,20S_445_Mar29_08.38.15.ctf,20S_445_Mar29_08.38.15_DriftCorr.log,47.09,20S_445_Mar29_08.38.15.mrc,3.4667839999999996,20S_445_Mar29_08.38.15_gctf.log,2017-12-05 14:57:42.272903,4732.0
20S_444_Mar29_08.35.50,5263.84,20S_444_Mar29_08.35.50_DW.mrc,20S_444_Mar29_08.35.50_EPA.log,16.61,20S_444_Mar29_08.35.50.ctf,20S_444_Mar29_08.35.50_DriftCorr.log,35.28,20S_444_Mar29_08.35.50.mrc,3.203451,20S_444_Mar29_08.35.50_gctf.log,2017-12-05 14:58:43.989875,4721.12
20S_443_Mar29_08.33.24,6346.43,20S_443_Mar29_08.33.24_DW.mrc,20S_443_Mar29_08.33.24_EPA.log,16.42,20S_443_Mar29_08.33.24.ctf,20S_443_Mar29_08.33.24_DriftCorr.log,29.98,20S_443_Mar29_08.33.24.mrc,3.3058449999999997,20S_443_Mar29_08.33.24_gctf.log,2017-12-05 14:59:45.664817,5750.85
20S_442_Mar29_08.31.06,3813.47,20S_442_Mar29_08.31.06_DW.mrc,20S_442_Mar29_08.31.06_EPA.log,34.73,20S_442_Mar29_08.31.06.ctf,20S_442_Mar29_08.31.06_DriftCorr.log,124.9,20S_442_Mar29_08.31.06.mrc,3.050478,20S_442_Mar29_08.31.06_gctf.log,2017-12-05 15:00:47.185865,3597.21
20S_441_Mar29_08.28.40,3507.31,20S_441_Mar29_08.28.40_DW.mrc,20S_441_Mar29_08.28.40_EPA.log,38.76,20S_441_Mar29_08.28.40.ctf,20S_441_Mar29_08.28.40_DriftCorr.log,120.08,20S_441_Mar29_08.28.40.mrc,3.006145,20S_441_Mar29_08.28.40_gctf.log,2017-12-05 15:01:48.858551,3304.89
20S_440_Mar29_08.26.15,4414.62,20S_440_Mar29_08.26.15_DW.mrc,20S_440_Mar29_08.26.15_EPA.log,33.41,20S_440_Mar29_08.26.15.ctf,20S_440_Mar29_08.26.15_DriftCorr.log,122.87,20S_440_Mar29_08.26.15.mrc,2.919274,20S_440_Mar29_08.26.15_gctf.log,2017-12-05 15:02:50.699962,4201.69
20S_438_Mar29_08.21.25,4714.9,20S_438_Mar29_08.21.25_DW.mrc,20S_438_Mar29_08.21.25_EPA.log,40.02,20S_438_Mar29_08.21.25.ctf,20S_438_Mar29_08.21.25_DriftCorr.log,115.57,20S_438_Mar29_08.21.25.mrc,3.409639,20S_438_Mar29_08.21.25_gctf.log,2017-12-05 15:03:52.268937,4480.96
20S_437_Mar29_08.18.59,3539.35,20S_437_Mar29_08.18.59_DW.mrc,20S_437_Mar29_08.18.59_EPA.log,30.74,20S_437_Mar29_08.18.59.ctf,20S_437_Mar29_08.18.59_DriftCorr.log,111.2,20S_437_Mar29_08.18.59.mrc,2.658433,20S_437_Mar29_08.18.59_gctf.log,2017-12-05 15:04:53.826855,3332.0
20S_436_Mar29_08.16.34,2962.42,20S_436_Mar29_08.16.34_DW.mrc,20S_436_Mar29_08.16.34_EPA.log,36.03,20S_436_Mar29_08.16.34.ctf,20S_436_Mar29_08.16.34_DriftCorr.log,122.14,20S_436_Mar29_08.16.34.mrc,3.175351,20S_436_Mar29_08.16.34_gctf.log,2017-12-05 15:05:55.440511,2800.13
20S_435_Mar29_08.14.09,3068.13,20S_435_Mar29_08.14.09_DW.mrc,20S_435_Mar29_08.14.09_EPA.log,31.51,20S_435_Mar29_08.14.09.ctf,20S_435_Mar29_08.14.09_DriftCorr.log,100.54,20S_435_Mar29_08.14.09.mrc,3.147739,20S_435_Mar29_08.14.09_gctf.log,2017-12-05 15:06:57.100365,2854.43
20S_434_Mar29_08.11.43,3664.43,20S_434_Mar29_08.11.43_DW.mrc,20S_434_Mar29_08.11.43_EPA.log,30.72,20S_434_Mar29_08.11.43.ctf,20S_434_Mar29_08.11.43_DriftCorr.log,105.82,20S_434_Mar29_08.11.43.mrc,2.949002,20S_434_Mar29_08.11.43_gctf.log,2017-12-05 15:07:58.667786,3481.27
20S_433_Mar29_08.09.19,4540.21,20S_433_Mar29_08.09.19_DW.mrc,20S_433_Mar29_08.09.19_EPA.log,32.34,20S_433_Mar29_08.09.19.ctf,20S_433_Mar29_08.09.19_DriftCorr.log,103.0,20S_433_Mar29_08.09.19.mrc,3.136375,20S_433_Mar29_08.09.19_gctf.log,2017-12-05 15:09:00.271425,4324.0
20S_432_Mar29_08.06.53,5054.72,20S_432_Mar29_08.06.53_DW.mrc,20S_432_Mar29_08.06.53_EPA.log,34.77,20S_432_Mar29_08.06.53.ctf,20S_432_Mar29_08.06.53_DriftCorr.log,84.22,20S_432_Mar29_08.06.53.mrc,2.897852,20S_432_Mar29_08.06.53_gctf.log,2017-12-05 15:10:01.923087,4827.48
20S_431_Mar29_08.04.28,4997.52,20S_431_Mar29_08.04.28_DW.mrc,20S_431_Mar29_08.04.28_EPA.log,34.12,20S_431_Mar29_08.04.28.ctf,20S_431_Mar29_08.04.28_DriftCorr.log,84.7,20S_431_Mar29_08.04.28.mrc,3.268533,20S_431_Mar29_08.04.28_gctf.log,2017-12-05 15:11:03.569109,4762.84
20S_430_Mar29_08.02.03,6394.85,20S_430_Mar29_08.02.03_DW.mrc,20S_430_Mar29_08.02.03_EPA.log,32.04,20S_430_Mar29_08.02.03.ctf,20S_430_Mar29_08.02.03_DriftCorr.log,90.26,20S_430_Mar29_08.02.03.mrc,3.505956,20S_430_Mar29_08.02.03_gctf.log,2017-12-05 15:12:05.283399,6139.9
20S_429_Mar29_07.59.45,3808.99,20S_429_Mar29_07.59.45_DW.mrc,20S_429_Mar29_07.59.45_EPA.log,34.04,20S_429_Mar29_07.59.45.ctf,20S_429_Mar29_07.59.45_DriftCorr.log,99.33,20S_429_Mar29_07.59.45.mrc,2.779194,20S_429_Mar29_07.59.45_gctf.log,2017-12-05 15:13:06.891335,3585.96
20S_425_Mar29_07.50.03,3405.5,20S_425_Mar29_07.50.03_DW.mrc,20S_425_Mar29_07.50.03_EPA.log,31.64,20S_425_Mar29_07.50.03.ctf,20S_425_Mar29_07.50.03_DriftCorr.log,64.76,20S_425_Mar29_07.50.03.mrc,2.766803,20S_425_Mar29_07.50.03_gctf.log,2017-12-05 15:14:08.560631,3264.41
20S_424_Mar29_07.47.37,2965.93,20S_424_Mar29_07.47.37_DW.mrc,20S_424_Mar29_07.47.37_EPA.log,30.25,20S_424_Mar29_07.47.37.ctf,20S_424_Mar29_07.47.37_DriftCorr.log,76.46,20S_424_Mar29_07.47.37.mrc,3.116126,20S_424_Mar29_07.47.37_gctf.log,2017-12-05 15:15:10.452121,2758.21
20S_423_Mar29_07.45.11,3078.28,20S_423_Mar29_07.45.11_DW.mrc,20S_423_Mar29_07.45.11_EPA.log,28.59,20S_423_Mar29_07.45.11.ctf,20S_423_Mar29_07.45.11_DriftCorr.log,68.81,20S_423_Mar29_07.45.11.mrc,3.054768,20S_423_Mar29_07.45.11_gctf.log,2017-12-05 15:16:12.253484,2877.7
20S_422_Mar29_07.42.45,3610.53,20S_422_Mar29_07.42.45_DW.mrc,20S_422_Mar29_07.42.45_EPA.log,33.82,20S_422_Mar29_07.42.45.ctf,20S_422_Mar29_07.42.45_DriftCorr.log,64.85,20S_422_Mar29_07.42.45.mrc,2.811573,20S_422_Mar29_07.42.45_gctf.log,2017-12-05 15:17:13.841129,3412.21
20S_421_Mar29_07.40.19,4365.23,20S_421_Mar29_07.40.19_DW.mrc,20S_421_Mar29_07.40.19_EPA.log,35.16,20S_421_Mar29_07.40.19.ctf,20S_421_Mar29_07.40.19_DriftCorr.log,53.88,20S_421_Mar29_07.40.19.mrc,2.4793830000000003,20S_421_Mar29_07.40.19_gctf.log,2017-12-05 15:18:15.487491,4172.4
20S_420_Mar29_07.37.54,4754.47,20S_420_Mar29_07.37.54_DW.mrc,20S_420_Mar29_07.37.54_EPA.log,28.93,20S_420_Mar29_07.37.54.ctf,20S_420_Mar29_07.37.54_DriftCorr.log,51.32,20S_420_Mar29_07.37.54.mrc,3.251407,20S_420_Mar29_07.37.54_gctf.log,2017-12-05 15:19:17.127397,4566.34
20S_419_Mar29_07.35.29,4850.55,20S_419_Mar29_07.35.29_DW.mrc,20S_419_Mar29_07.35.29_EPA.log,29.96,20S_419_Mar29_07.35.29.ctf,20S_419_Mar29_07.35.29_DriftCorr.log,42.4,20S_419_Mar29_07.35.29.mrc,3.273459,20S_419_Mar29_07.35.29_gctf.log,2017-12-05 15:20:18.748366,4685.46
20S_418_Mar29_07.33.04,5191.56,20S_418_Mar29_07.33.04_DW.mrc,20S_418_Mar29_07.33.04_EPA.log,30.62,20S_418_Mar29_07.33.04.ctf,20S_418_Mar29_07.33.04_DriftCorr.log,26.75,20S_418_Mar29_07.33.04.mrc,3.0677119999999998,20S_418_Mar29_07.33.04_gctf.log,2017-12-05 15:21:20.368887,4953.52
20S_417_Mar29_07.30.47,3374.6,20S_417_Mar29_07.30.47_DW.mrc,20S_417_Mar29_07.30.47_EPA.log,40.23,20S_417_Mar29_07.30.47.ctf,20S_417_Mar29_07.30.47_DriftCorr.log,81.7,20S_417_Mar29_07.30.47.mrc,3.134112,20S_417_Mar29_07.30.47_gctf.log,2017-12-05 15:22:21.950535,3024.21
20S_415_Mar29_07.25.58,2853.15,20S_415_Mar29_07.25.58_DW.mrc,20S_415_Mar29_07.25.58_EPA.log,38.6,20S_415_Mar29_07.25.58.ctf,20S_415_Mar29_07.25.58_DriftCorr.log,69.84,20S_415_Mar29_07.25.58.mrc,2.923203,20S_415_Mar29_07.25.58_gctf.log,2017-12-05 15:23:23.680257,2519.76
20S_414_Mar29_07.23.33,3178.43,20S_414_Mar29_07.23.33_DW.mrc,20S_414_Mar29_07.23.33_EPA.log,43.44,20S_414_Mar29_07.23.33.ctf,20S_414_Mar29_07.23.33_DriftCorr.log,85.38,20S_414_Mar29_07.23.33.mrc,2.855937,20S_414_Mar29_07.23.33_gctf.log,2017-12-05 15:24:25.431128,2830.14
20S_413_Mar29_07.21.06,3603.74,20S_413_Mar29_07.21.06_DW.mrc,20S_413_Mar29_07.21.06_EPA.log,44.32,20S_413_Mar29_07.21.06.ctf,20S_413_Mar29_07.21.06_DriftCorr.log,63.13,20S_413_Mar29_07.21.06.mrc,3.046199,20S_413_Mar29_07.21.06_gctf.log,2017-12-05 15:25:27.525973,3235.27
20S_412_Mar29_07.18.40,4371.36,20S_412_Mar29_07.18.40_DW.mrc,20S_412_Mar29_07.18.40_EPA.log,43.33,20S_412_Mar29_07.18.40.ctf,20S_412_Mar29_07.18.40_DriftCorr.log,62.13,20S_412_Mar29_07.18.40.mrc,2.985484,20S_412_Mar29_07.18.40_gctf.log,2017-12-05 15:26:29.404792,4049.58
20S_411_Mar29_07.16.15,4634.48,20S_411_Mar29_07.16.15_DW.mrc,20S_411_Mar29_07.16.15_EPA.log,39.27,20S_411_Mar29_07.16.15.ctf,20S_411_Mar29_07.16.15_DriftCorr.log,61.98,20S_411_Mar29_07.16.15.mrc,3.166093,20S_411_Mar29_07.16.15_gctf.log,2017-12-05 15:27:31.028396,4292.77
20S_410_Mar29_07.13.50,4763.49,20S_410_Mar29_07.13.50_DW.mrc,20S_410_Mar29_07.13.50_EPA.log,40.73,20S_410_Mar29_07.13.50.ctf,20S_410_Mar29_07.13.50_DriftCorr.log,63.17,20S_410_Mar29_07.13.50.mrc,3.331196,20S_410_Mar29_07.13.50_gctf.log,2017-12-05 15:28:32.631291,4375.26
20S_405_Mar29_07.01.51,3571.32,20S_405_Mar29_07.01.51_DW.mrc,20S_405_Mar29_07.01.51_EPA.log,57.73,20S_405_Mar29_07.01.51.ctf,20S_405_Mar29_07.01.51_DriftCorr.log,148.93,20S_405_Mar29_07.01.51.mrc,2.798892,20S_405_Mar29_07.01.51_gctf.log,2017-12-05 15:29:34.365112,3685.17
20S_403_Mar29_06.57.00,4512.15,20S_403_Mar29_06.57.00_DW.mrc,20S_403_Mar29_06.57.00_EPA.log,76.43,20S_403_Mar29_06.57.00.ctf,20S_403_Mar29_06.57.00_DriftCorr.log,157.93,20S_403_Mar29_06.57.00.mrc,2.714925,20S_403_Mar29_06.57.00_gctf.log,2017-12-05 15:30:36.026026,4614.65
20S_402_Mar29_06.54.35,4588.51,20S_402_Mar29_06.54.35_DW.mrc,20S_402_Mar29_06.54.35_EPA.log,62.85,20S_402_Mar29_06.54.35.ctf,20S_402_Mar29_06.54.35_DriftCorr.log,140.93,20S_402_Mar29_06.54.35.mrc,3.241701,20S_402_Mar29_06.54.35_gctf.log,2017-12-05 15:31:37.687061,4699.8
20S_399_Mar29_06.47.29,2659.53,20S_399_Mar29_06.47.29_DW.mrc,20S_399_Mar29_06.47.29_EPA.log,62.01,20S_399_Mar29_06.47.29.ctf,20S_399_Mar29_06.47.29_DriftCorr.log,142.9,20S_399_Mar29_06.47.29.mrc,9.653067,20S_399_Mar29_06.47.29_gctf.log,2017-12-05 15:32:39.316749,2775.74
20S_398_Mar29_06.45.04,3092.21,20S_398_Mar29_06.45.04_DW.mrc,20S_398_Mar29_06.45.04_EPA.log,66.92,20S_398_Mar29_06.45.04.ctf,20S_398_Mar29_06.45.04_DriftCorr.log,147.59,20S_398_Mar29_06.45.04.mrc,3.027094,20S_398_Mar29_06.45.04_gctf.log,2017-12-05 15:33:40.885003,3209.96
20S_397_Mar29_06.42.39,3699.4,20S_397_Mar29_06.42.39_DW.mrc,20S_397_Mar29_06.42.39_EPA.log,64.59,20S_397_Mar29_06.42.39.ctf,20S_397_Mar29_06.42.39_DriftCorr.log,139.39,20S_397_Mar29_06.42.39.mrc,2.45417,20S_397_Mar29_06.42.39_gctf.log,2017-12-05 15:34:42.439212,3789.08
20S_396_Mar29_06.40.15,4360.23,20S_396_Mar29_06.40.15_DW.mrc,20S_396_Mar29_06.40.15_EPA.log,67.45,20S_396_Mar29_06.40.15.ctf,20S_396_Mar29_06.40.15_DriftCorr.log,137.88,20S_396_Mar29_06.40.15.mrc,2.9370380000000003,20S_396_Mar29_06.40.15_gctf.log,2017-12-05 15:35:44.037683,4471.79
20S_395_Mar29_06.37.50,4894.98,20S_395_Mar29_06.37.50_DW.mrc,20S_395_Mar29_06.37.50_EPA.log,70.34,20S_395_Mar29_06.37.50.ctf,20S_395_Mar29_06.37.50_DriftCorr.log,129.73,20S_395_Mar29_06.37.50.mrc,3.170715,20S_395_Mar29_06.37.50_gctf.log,2017-12-05 15:36:45.831857,4981.76
20S_394_Mar29_06.35.25,5224.6,20S_394_Mar29_06.35.25_DW.mrc,20S_394_Mar29_06.35.25_EPA.log,66.93,20S_394_Mar29_06.35.25.ctf,20S_394_Mar29_06.35.25_DriftCorr.log,123.32,20S_394_Mar29_06.35.25.mrc,3.433897,20S_394_Mar29_06.35.25_gctf.log,2017-12-05 15:37:47.313337,5334.76
20S_392_Mar29_06.30.35,4887.55,20S_392_Mar29_06.30.35_DW.mrc,20S_392_Mar29_06.30.35_EPA.log,68.22,20S_392_Mar29_06.30.35.ctf,20S_392_Mar29_06.30.35_DriftCorr.log,128.97,20S_392_Mar29_06.30.35.mrc,3.4557519999999995,20S_392_Mar29_06.30.35_gctf.log,2017-12-05 15:38:49.033744,5005.49
20S_391_Mar29_06.28.11,5724.32,20S_391_Mar29_06.28.11_DW.mrc,20S_391_Mar29_06.28.11_EPA.log,76.09,20S_391_Mar29_06.28.11.ctf,20S_391_Mar29_06.28.11_DriftCorr.log,115.85,20S_391_Mar29_06.28.11.mrc,3.061226,20S_391_Mar29_06.28.11_gctf.log,2017-12-05 15:39:50.686077,5873.94
20S_390_Mar29_06.25.54,2583.76,20S_390_Mar29_06.25.54_DW.mrc,20S_390_Mar29_06.25.54_EPA.log,71.54,20S_390_Mar29_06.25.54.ctf,20S_390_Mar29_06.25.54_DriftCorr.log,126.84,20S_390_Mar29_06.25.54.mrc,3.48906,20S_390_Mar29_06.25.54_gctf.log,2017-12-05 15:40:52.435995,2691.67
20S_389_Mar29_06.23.29,3147.81,20S_389_Mar29_06.23.29_DW.mrc,20S_389_Mar29_06.23.29_EPA.log,74.29,20S_389_Mar29_06.23.29.ctf,20S_389_Mar29_06.23.29_DriftCorr.log,128.36,20S_389_Mar29_06.23.29.mrc,2.555223,20S_389_Mar29_06.23.29_gctf.log,2017-12-05 15:41:54.144398,3278.86
20S_388_Mar29_06.21.03,3884.61,20S_388_Mar29_06.21.03_DW.mrc,20S_388_Mar29_06.21.03_EPA.log,63.18,20S_388_Mar29_06.21.03.ctf,20S_388_Mar29_06.21.03_DriftCorr.log,126.35,20S_388_Mar29_06.21.03.mrc,2.9610630000000002,20S_388_Mar29_06.21.03_gctf.log,2017-12-05 15:42:55.916619,4039.81
20S_387_Mar29_06.18.38,4646.61,20S_387_Mar29_06.18.38_DW.mrc,20S_387_Mar29_06.18.38_EPA.log,68.59,20S_387_Mar29_06.18.38.ctf,20S_387_Mar29_06.18.38_DriftCorr.log,125.38,20S_387_Mar29_06.18.38.mrc,2.888218,20S_387_Mar29_06.18.38_gctf.log,2017-12-05 15:43:57.530313,4722.19
20S_386_Mar29_06.16.14,5254.14,20S_386_Mar29_06.16.14_DW.mrc,20S_386_Mar29_06.16.14_EPA.log,76.33,20S_386_Mar29_06.16.14.ctf,20S_386_Mar29_06.16.14_DriftCorr.log,107.05,20S_386_Mar29_06.16.14.mrc,3.170715,20S_386_Mar29_06.16.14_gctf.log,2017-12-05 15:44:59.134302,5354.53
20S_385_Mar29_06.13.48,5580.62,20S_385_Mar29_06.13.48_DW.mrc,20S_385_Mar29_06.13.48_EPA.log,67.83,20S_385_Mar29_06.13.48.ctf,20S_385_Mar29_06.13.48_DriftCorr.log,111.13,20S_385_Mar29_06.13.48.mrc,3.328644,20S_385_Mar29_06.13.48_gctf.log,2017-12-05 15:46:00.812674,5649.22
20S_383_Mar29_06.08.59,4636.64,20S_383_Mar29_06.08.59_DW.mrc,20S_383_Mar29_06.08.59_EPA.log,80.53,20S_383_Mar29_06.08.59.ctf,20S_383_Mar29_06.08.59_DriftCorr.log,102.03,20S_383_Mar29_06.08.59.mrc,2.550722,20S_383_Mar29_06.08.59_gctf.log,2017-12-05 15:47:02.514345,4709.2
20S_382_Mar29_06.06.33,5721.79,20S_382_Mar29_06.06.33_DW.mrc,20S_382_Mar29_06.06.33_EPA.log,84.62,20S_382_Mar29_06.06.33.ctf,20S_382_Mar29_06.06.33_DriftCorr.log,102.28,20S_382_Mar29_06.06.33.mrc,2.979342,20S_382_Mar29_06.06.33_gctf.log,2017-12-05 15:48:04.168004,5846.79
20S_381_Mar29_06.04.16,2643.03,20S_381_Mar29_06.04.16_DW.mrc,20S_381_Mar29_06.04.16_EPA.log,60.28,20S_381_Mar29_06.04.16.ctf,20S_381_Mar29_06.04.16_DriftCorr.log,113.28,20S_381_Mar29_06.04.16.mrc,3.362136,20S_381_Mar29_06.04.16_gctf.log,2017-12-05 15:49:05.909367,2789.59
20S_380_Mar29_06.01.51,3417.39,20S_380_Mar29_06.01.51_DW.mrc,20S_380_Mar29_06.01.51_EPA.log,64.03,20S_380_Mar29_06.01.51.ctf,20S_380_Mar29_06.01.51_DriftCorr.log,101.59,20S_380_Mar29_06.01.51.mrc,2.8354310000000003,20S_380_Mar29_06.01.51_gctf.log,2017-12-05 15:50:07.734570,3520.87
20S_379_Mar29_05.59.26,4190.77,20S_379_Mar29_05.59.26_DW.mrc,20S_379_Mar29_05.59.26_EPA.log,77.46,20S_379_Mar29_05.59.26.ctf,20S_379_Mar29_05.59.26_DriftCorr.log,95.54,20S_379_Mar29_05.59.26.mrc,3.1049889999999998,20S_379_Mar29_05.59.26_gctf.log,2017-12-05 15:51:09.534354,4276.81
20S_378_Mar29_05.57.01,5064.21,20S_378_Mar29_05.57.01_DW.mrc,20S_378_Mar29_05.57.01_EPA.log,0.3,20S_378_Mar29_05.57.01.ctf,20S_378_Mar29_05.57.01_DriftCorr.log,97.46,20S_378_Mar29_05.57.01.mrc,3.1637869999999997,20S_378_Mar29_05.57.01_gctf.log,2017-12-05 15:52:11.225255,4933.28
20S_377_Mar29_05.54.36,5337.57,20S_377_Mar29_05.54.36_DW.mrc,20S_377_Mar29_05.54.36_EPA.log,83.73,20S_377_Mar29_05.54.36.ctf,20S_377_Mar29_05.54.36_DriftCorr.log,90.64,20S_377_Mar29_05.54.36.mrc,3.420378,20S_377_Mar29_05.54.36_gctf.log,2017-12-05 15:53:12.949104,5452.85
20S_376_Mar29_05.52.11,5202.72,20S_376_Mar29_05.52.11_DW.mrc,20S_376_Mar29_05.52.11_EPA.log,72.97,20S_376_Mar29_05.52.11.ctf,20S_376_Mar29_05.52.11_DriftCorr.log,79.05,20S_376_Mar29_05.52.11.mrc,3.18233,20S_376_Mar29_05.52.11_gctf.log,2017-12-05 15:54:14.666923,5337.46
20S_375_Mar29_05.49.46,4890.45,20S_375_Mar29_05.49.46_DW.mrc,20S_375_Mar29_05.49.46_EPA.log,75.74,20S_375_Mar29_05.49.46.ctf,20S_375_Mar29_05.49.46_DriftCorr.log,87.83,20S_375_Mar29_05.49.46.mrc,2.9937150000000003,20S_375_Mar29_05.49.46_gctf.log,2017-12-05 15:55:16.352369,4988.86
20S_374_Mar29_05.47.20,4325.5,20S_374_Mar29_05.47.20_DW.mrc,20S_374_Mar29_05.47.20_EPA.log,76.94,20S_374_Mar29_05.47.20.ctf,20S_374_Mar29_05.47.20_DriftCorr.log,74.15,20S_374_Mar29_05.47.20.mrc,3.134112,20S_374_Mar29_05.47.20_gctf.log,2017-12-05 15:56:18.060125,4429.82
20S_373_Mar29_05.44.55,3754.25,20S_373_Mar29_05.44.55_DW.mrc,20S_373_Mar29_05.44.55_EPA.log,69.15,20S_373_Mar29_05.44.55.ctf,20S_373_Mar29_05.44.55_DriftCorr.log,75.69,20S_373_Mar29_05.44.55.mrc,2.855937,20S_373_Mar29_05.44.55_gctf.log,2017-12-05 15:57:19.764517,3889.51
20S_372_Mar29_05.42.30,3224.72,20S_372_Mar29_05.42.30_DW.mrc,20S_372_Mar29_05.42.30_EPA.log,85.85,20S_372_Mar29_05.42.30.ctf,20S_372_Mar29_05.42.30_DriftCorr.log,63.58,20S_372_Mar29_05.42.30.mrc,2.857816,20S_372_Mar29_05.42.30_gctf.log,2017-12-05 15:58:21.435375,3344.76
20S_371_Mar29_05.40.24,4137.33,20S_371_Mar29_05.40.24_DW.mrc,20S_371_Mar29_05.40.24_EPA.log,82.9,20S_371_Mar29_05.40.24.ctf,20S_371_Mar29_05.40.24_DriftCorr.log,66.2,20S_371_Mar29_05.40.24.mrc,2.997847,20S_371_Mar29_05.40.24_gctf.log,2017-12-05 15:59:23.069011,4287.98
20S_370_Mar29_05.38.06,2280.35,20S_370_Mar29_05.38.06_DW.mrc,20S_370_Mar29_05.38.06_EPA.log,61.6,20S_370_Mar29_05.38.06.ctf,20S_370_Mar29_05.38.06_DriftCorr.log,63.5,20S_370_Mar29_05.38.06.mrc,6.406902,20S_370_Mar29_05.38.06_gctf.log,2017-12-05 16:00:24.777162,2448.35
20S_369_Mar29_05.35.42,3058.01,20S_369_Mar29_05.35.42_DW.mrc,20S_369_Mar29_05.35.42_EPA.log,73.12,20S_369_Mar29_05.35.42.ctf,20S_369_Mar29_05.35.42_DriftCorr.log,39.56,20S_369_Mar29_05.35.42.mrc,2.901723,20S_369_Mar29_05.35.42_gctf.log,2017-12-05 16:01:26.454758,3228.08
20S_368_Mar29_05.33.16,3773.45,20S_368_Mar29_05.33.16_DW.mrc,20S_368_Mar29_05.33.16_EPA.log,56.36,20S_368_Mar29_05.33.16.ctf,20S_368_Mar29_05.33.16_DriftCorr.log,37.85,20S_368_Mar29_05.33.16.mrc,3.087335,20S_368_Mar29_05.33.16_gctf.log,2017-12-05 16:02:28.209606,3838.98
20S_367_Mar29_05.30.51,4557.9,20S_367_Mar29_05.30.51_DW.mrc,20S_367_Mar29_05.30.51_EPA.log,51.05,20S_367_Mar29_05.30.51.ctf,20S_367_Mar29_05.30.51_DriftCorr.log,159.5,20S_367_Mar29_05.30.51.mrc,3.004066,20S_367_Mar29_05.30.51_gctf.log,2017-12-05 16:03:29.771038,4650.1
20S_366_Mar29_05.28.26,5210.66,20S_366_Mar29_05.28.26_DW.mrc,20S_366_Mar29_05.28.26_EPA.log,51.28,20S_366_Mar29_05.28.26.ctf,20S_366_Mar29_05.28.26_DriftCorr.log,139.24,20S_366_Mar29_05.28.26.mrc,3.3465949999999998,20S_366_Mar29_05.28.26_gctf.log,2017-12-05 16:04:31.361957,5316.85
20S_365_Mar29_05.26.01,5546.48,20S_365_Mar29_05.26.01_DW.mrc,20S_365_Mar29_05.26.01_EPA.log,46.94,20S_365_Mar29_05.26.01.ctf,20S_365_Mar29_05.26.01_DriftCorr.log,134.79,20S_365_Mar29_05.26.01.mrc,3.7772870000000003,20S_365_Mar29_05.26.01_gctf.log,2017-12-05 16:05:33.012994,5637.47
20S_364_Mar29_05.23.35,5289.99,20S_364_Mar29_05.23.35_DW.mrc,20S_364_Mar29_05.23.35_EPA.log,46.8,20S_364_Mar29_05.23.35.ctf,20S_364_Mar29_05.23.35_DriftCorr.log,153.75,20S_364_Mar29_05.23.35.mrc,2.861581,20S_364_Mar29_05.23.35_gctf.log,2017-12-05 16:06:34.747883,5382.46
20S_363_Mar29_05.21.10,4837.43,20S_363_Mar29_05.21.10_DW.mrc,20S_363_Mar29_05.21.10_EPA.log,47.39,20S_363_Mar29_05.21.10.ctf,20S_363_Mar29_05.21.10_DriftCorr.log,148.3,20S_363_Mar29_05.21.10.mrc,3.3159389999999997,20S_363_Mar29_05.21.10_gctf.log,2017-12-05 16:07:36.378015,4892.36
20S_362_Mar29_05.18.44,4398.32,20S_362_Mar29_05.18.44_DW.mrc,20S_362_Mar29_05.18.44_EPA.log,50.64,20S_362_Mar29_05.18.44.ctf,20S_362_Mar29_05.18.44_DriftCorr.log,138.87,20S_362_Mar29_05.18.44.mrc,3.136375,20S_362_Mar29_05.18.44_gctf.log,2017-12-05 16:08:38.032065,4507.02
20S_361_Mar29_05.16.20,3937.41,20S_361_Mar29_05.16.20_DW.mrc,20S_361_Mar29_05.16.20_EPA.log,39.63,20S_361_Mar29_05.16.20.ctf,20S_361_Mar29_05.16.20_DriftCorr.log,133.19,20S_361_Mar29_05.16.20.mrc,2.933072,20S_361_Mar29_05.16.20_gctf.log,2017-12-05 16:09:39.819880,3999.28
20S_360_Mar29_05.14.12,3398.0,20S_360_Mar29_05.14.12_DW.mrc,20S_360_Mar29_05.14.12_EPA.log,48.28,20S_360_Mar29_05.14.12.ctf,20S_360_Mar29_05.14.12_DriftCorr.log,140.11,20S_360_Mar29_05.14.12.mrc,3.1987330000000003,20S_360_Mar29_05.14.12_gctf.log,2017-12-05 16:10:41.505344,3495.2
20S_359_Mar29_05.12.06,2981.94,20S_359_Mar29_05.12.06_DW.mrc,20S_359_Mar29_05.12.06_EPA.log,50.08,20S_359_Mar29_05.12.06.ctf,20S_359_Mar29_05.12.06_DriftCorr.log,140.49,20S_359_Mar29_05.12.06.mrc,2.949002,20S_359_Mar29_05.12.06_gctf.log,2017-12-05 16:11:43.207823,3059.59
20S_358_Mar29_05.10.00,2827.79,20S_358_Mar29_05.10.00_DW.mrc,20S_358_Mar29_05.10.00_EPA.log,79.19,20S_358_Mar29_05.10.00.ctf,20S_358_Mar29_05.10.00_DriftCorr.log,132.54,20S_358_Mar29_05.10.00.mrc,3.924011,20S_358_Mar29_05.10.00_gctf.log,2017-12-05 16:12:44.750393,2861.46
20S_356_Mar29_05.05.29,3301.61,20S_356_Mar29_05.05.29_DW.mrc,20S_356_Mar29_05.05.29_EPA.log,40.58,20S_356_Mar29_05.05.29.ctf,20S_356_Mar29_05.05.29_DriftCorr.log,131.52,20S_356_Mar29_05.05.29.mrc,3.091729,20S_356_Mar29_05.05.29_gctf.log,2017-12-05 16:13:46.306214,3384.01
20S_355_Mar29_05.03.23,3776.65,20S_355_Mar29_05.03.23_DW.mrc,20S_355_Mar29_05.03.23_EPA.log,56.52,20S_355_Mar29_05.03.23.ctf,20S_355_Mar29_05.03.23_DriftCorr.log,133.67,20S_355_Mar29_05.03.23.mrc,3.177674,20S_355_Mar29_05.03.23_gctf.log,2017-12-05 16:14:47.904031,3796.52
20S_354_Mar29_05.00.51,4072.42,20S_354_Mar29_05.00.51_DW.mrc,20S_354_Mar29_05.00.51_EPA.log,49.04,20S_354_Mar29_05.00.51.ctf,20S_354_Mar29_05.00.51_DriftCorr.log,129.96,20S_354_Mar29_05.00.51.mrc,3.375198,20S_354_Mar29_05.00.51_gctf.log,2017-12-05 16:15:49.453829,4123.48
20S_353_Mar29_04.58.35,3139.0,20S_353_Mar29_04.58.35_DW.mrc,20S_353_Mar29_04.58.35_EPA.log,43.05,20S_353_Mar29_04.58.35.ctf,20S_353_Mar29_04.58.35_DriftCorr.log,117.94,20S_353_Mar29_04.58.35.mrc,2.999917,20S_353_Mar29_04.58.35_gctf.log,2017-12-05 16:16:51.481277,3287.95
20S_352_Mar29_04.56.27,2518.78,20S_352_Mar29_04.56.27_DW.mrc,20S_352_Mar29_04.56.27_EPA.log,46.56,20S_352_Mar29_04.56.27.ctf,20S_352_Mar29_04.56.27_DriftCorr.log,131.47,20S_352_Mar29_04.56.27.mrc,3.248975,20S_352_Mar29_04.56.27_gctf.log,2017-12-05 16:17:53.412075,2655.58
20S_351_Mar29_04.54.02,3636.06,20S_351_Mar29_04.54.02_DW.mrc,20S_351_Mar29_04.54.02_EPA.log,47.8,20S_351_Mar29_04.54.02.ctf,20S_351_Mar29_04.54.02_DriftCorr.log,126.97,20S_351_Mar29_04.54.02.mrc,2.905605,20S_351_Mar29_04.54.02_gctf.log,2017-12-05 16:18:55.319238,3718.43
20S_350_Mar29_04.51.37,4055.08,20S_350_Mar29_04.51.37_DW.mrc,20S_350_Mar29_04.51.37_EPA.log,48.75,20S_350_Mar29_04.51.37.ctf,20S_350_Mar29_04.51.37_DriftCorr.log,126.5,20S_350_Mar29_04.51.37.mrc,3.224855,20S_350_Mar29_04.51.37_gctf.log,2017-12-05 16:19:57.088241,4139.89
20S_349_Mar29_04.49.12,4639.43,20S_349_Mar29_04.49.12_DW.mrc,20S_349_Mar29_04.49.12_EPA.log,49.82,20S_349_Mar29_04.49.12.ctf,20S_349_Mar29_04.49.12_DriftCorr.log,121.98,20S_349_Mar29_04.49.12.mrc,3.232054,20S_349_Mar29_04.49.12_gctf.log,2017-12-05 16:20:59.072563,4733.6
20S_348_Mar29_04.46.46,5269.11,20S_348_Mar29_04.46.46_DW.mrc,20S_348_Mar29_04.46.46_EPA.log,51.56,20S_348_Mar29_04.46.46.ctf,20S_348_Mar29_04.46.46_DriftCorr.log,116.84,20S_348_Mar29_04.46.46.mrc,3.256282,20S_348_Mar29_04.46.46_gctf.log,2017-12-05 16:22:01.012872,5356.31
20S_347_Mar29_04.44.21,5427.8,20S_347_Mar29_04.44.21_DW.mrc,20S_347_Mar29_04.44.21_EPA.log,40.12,20S_347_Mar29_04.44.21.ctf,20S_347_Mar29_04.44.21_DriftCorr.log,108.99,20S_347_Mar29_04.44.21.mrc,2.919274,20S_347_Mar29_04.44.21_gctf.log,2017-12-05 16:23:02.574751,5568.84
20S_346_Mar29_04.41.57,5094.12,20S_346_Mar29_04.41.57_DW.mrc,20S_346_Mar29_04.41.57_EPA.log,47.91,20S_346_Mar29_04.41.57.ctf,20S_346_Mar29_04.41.57_DriftCorr.log,117.55,20S_346_Mar29_04.41.57.mrc,2.919274,20S_346_Mar29_04.41.57_gctf.log,2017-12-05 16:24:04.167970,5186.82
20S_345_Mar29_04.39.32,4699.27,20S_345_Mar29_04.39.32_DW.mrc,20S_345_Mar29_04.39.32_EPA.log,41.02,20S_345_Mar29_04.39.32.ctf,20S_345_Mar29_04.39.32_DriftCorr.log,111.26,20S_345_Mar29_04.39.32.mrc,2.723436,20S_345_Mar29_04.39.32_gctf.log,2017-12-05 16:25:05.698065,4785.13
20S_344_Mar29_04.37.07,4237.55,20S_344_Mar29_04.37.07_DW.mrc,20S_344_Mar29_04.37.07_EPA.log,67.33,20S_344_Mar29_04.37.07.ctf,20S_344_Mar29_04.37.07_DriftCorr.log,104.14,20S_344_Mar29_04.37.07.mrc,3.048337,20S_344_Mar29_04.37.07_gctf.log,2017-12-05 16:26:07.273655,4321.7
20S_343_Mar29_04.35.01,3721.99,20S_343_Mar29_04.35.01_DW.mrc,20S_343_Mar29_04.35.01_EPA.log,55.39,20S_343_Mar29_04.35.01.ctf,20S_343_Mar29_04.35.01_DriftCorr.log,100.51,20S_343_Mar29_04.35.01.mrc,2.789904,20S_343_Mar29_04.35.01_gctf.log,2017-12-05 16:27:08.803702,3815.83
20S_342_Mar29_04.32.55,3227.28,20S_342_Mar29_04.32.55_DW.mrc,20S_342_Mar29_04.32.55_EPA.log,53.59,20S_342_Mar29_04.32.55.ctf,20S_342_Mar29_04.32.55_DriftCorr.log,114.99,20S_342_Mar29_04.32.55.mrc,2.9251720000000003,20S_342_Mar29_04.32.55_gctf.log,2017-12-05 16:28:10.367777,3322.02
20S_341_Mar29_04.30.49,2786.24,20S_341_Mar29_04.30.49_DW.mrc,20S_341_Mar29_04.30.49_EPA.log,59.39,20S_341_Mar29_04.30.49.ctf,20S_341_Mar29_04.30.49_DriftCorr.log,110.59,20S_341_Mar29_04.30.49.mrc,2.9937150000000003,20S_341_Mar29_04.30.49_gctf.log,2017-12-05 16:29:11.882426,2885.71
20S_340_Mar29_04.28.43,2179.16,20S_340_Mar29_04.28.43_DW.mrc,20S_340_Mar29_04.28.43_EPA.log,59.63,20S_340_Mar29_04.28.43.ctf,20S_340_Mar29_04.28.43_DriftCorr.log,110.55,20S_340_Mar29_04.28.43.mrc,12.701404,20S_340_Mar29_04.28.43_gctf.log,2017-12-05 16:30:13.461415,2253.6
20S_339_Mar29_04.26.37,2472.7,20S_339_Mar29_04.26.37_DW.mrc,20S_339_Mar29_04.26.37_EPA.log,14.75,20S_339_Mar29_04.26.37.ctf,20S_339_Mar29_04.26.37_DriftCorr.log,121.97,20S_339_Mar29_04.26.37.mrc,3.5201620000000005,20S_339_Mar29_04.26.37_gctf.log,2017-12-05 16:31:14.998406,2369.63
20S_337_Mar29_04.22.06,2531.13,20S_337_Mar29_04.22.06_DW.mrc,20S_337_Mar29_04.22.06_EPA.log,50.97,20S_337_Mar29_04.22.06.ctf,20S_337_Mar29_04.22.06_DriftCorr.log,102.84,20S_337_Mar29_04.22.06.mrc,12.554566000000001,20S_337_Mar29_04.22.06_gctf.log,2017-12-05 16:32:16.623708,2623.58
20S_336_Mar29_04.19.59,2350.05,20S_336_Mar29_04.19.59_DW.mrc,20S_336_Mar29_04.19.59_EPA.log,45.68,20S_336_Mar29_04.19.59.ctf,20S_336_Mar29_04.19.59_DriftCorr.log,89.88,20S_336_Mar29_04.19.59.mrc,12.554566000000001,20S_336_Mar29_04.19.59_gctf.log,2017-12-05 16:33:18.265629,2420.42
20S_335_Mar29_04.17.53,2476.27,20S_335_Mar29_04.17.53_DW.mrc,20S_335_Mar29_04.17.53_EPA.log,45.62,20S_335_Mar29_04.17.53.ctf,20S_335_Mar29_04.17.53_DriftCorr.log,90.97,20S_335_Mar29_04.17.53.mrc,12.482413000000001,20S_335_Mar29_04.17.53_gctf.log,2017-12-05 16:34:19.959426,2563.07
20S_333_Mar29_04.13.28,1980.3,20S_333_Mar29_04.13.28_DW.mrc,20S_333_Mar29_04.13.28_EPA.log,15.78,20S_333_Mar29_04.13.28.ctf,20S_333_Mar29_04.13.28_DriftCorr.log,79.54,20S_333_Mar29_04.13.28.mrc,12.73865,20S_333_Mar29_04.13.28_gctf.log,2017-12-05 16:35:21.583854,2257.97
20S_332_Mar29_04.11.03,3163.14,20S_332_Mar29_04.11.03_DW.mrc,20S_332_Mar29_04.11.03_EPA.log,41.13,20S_332_Mar29_04.11.03.ctf,20S_332_Mar29_04.11.03_DriftCorr.log,65.81,20S_332_Mar29_04.11.03.mrc,2.694715,20S_332_Mar29_04.11.03_gctf.log,2017-12-05 16:36:23.164938,3285.22
20S_330_Mar29_04.06.12,4185.51,20S_330_Mar29_04.06.12_DW.mrc,20S_330_Mar29_04.06.12_EPA.log,49.66,20S_330_Mar29_04.06.12.ctf,20S_330_Mar29_04.06.12_DriftCorr.log,46.65,20S_330_Mar29_04.06.12.mrc,2.8767419999999997,20S_330_Mar29_04.06.12_gctf.log,2017-12-05 16:37:24.826079,4296.34
20S_329_Mar29_04.03.48,4603.31,20S_329_Mar29_04.03.48_DW.mrc,20S_329_Mar29_04.03.48_EPA.log,51.82,20S_329_Mar29_04.03.48.ctf,20S_329_Mar29_04.03.48_DriftCorr.log,32.2,20S_329_Mar29_04.03.48.mrc,3.0123990000000003,20S_329_Mar29_04.03.48_gctf.log,2017-12-05 16:38:27.246756,4717.25
20S_328_Mar29_04.01.23,5058.48,20S_328_Mar29_04.01.23_DW.mrc,20S_328_Mar29_04.01.23_EPA.log,25.27,20S_328_Mar29_04.01.23.ctf,20S_328_Mar29_04.01.23_DriftCorr.log,128.96,20S_328_Mar29_04.01.23.mrc,3.212929,20S_328_Mar29_04.01.23_gctf.log,2017-12-05 16:39:29.896404,4969.91
20S_327_Mar29_03.58.58,5143.47,20S_327_Mar29_03.58.58_DW.mrc,20S_327_Mar29_03.58.58_EPA.log,20.15,20S_327_Mar29_03.58.58.ctf,20S_327_Mar29_03.58.58_DriftCorr.log,149.68,20S_327_Mar29_03.58.58.mrc,3.239284,20S_327_Mar29_03.58.58_gctf.log,2017-12-05 16:40:32.146818,5063.61
20S_326_Mar29_03.56.32,5070.37,20S_326_Mar29_03.56.32_DW.mrc,20S_326_Mar29_03.56.32_EPA.log,13.23,20S_326_Mar29_03.56.32.ctf,20S_326_Mar29_03.56.32_DriftCorr.log,147.62,20S_326_Mar29_03.56.32.mrc,3.270994,20S_326_Mar29_03.56.32_gctf.log,2017-12-05 16:41:34.625765,4968.75
20S_325_Mar29_03.54.08,4740.52,20S_325_Mar29_03.54.08_DW.mrc,20S_325_Mar29_03.54.08_EPA.log,23.69,20S_325_Mar29_03.54.08.ctf,20S_325_Mar29_03.54.08_DriftCorr.log,118.83,20S_325_Mar29_03.54.08.mrc,3.239284,20S_325_Mar29_03.54.08_gctf.log,2017-12-05 16:42:37.056521,4625.41
20S_324_Mar29_03.51.43,4344.61,20S_324_Mar29_03.51.43_DW.mrc,20S_324_Mar29_03.51.43_EPA.log,17.53,20S_324_Mar29_03.51.43.ctf,20S_324_Mar29_03.51.43_DriftCorr.log,132.28,20S_324_Mar29_03.51.43.mrc,3.131853,20S_324_Mar29_03.51.43_gctf.log,2017-12-05 16:43:39.552460,4228.61
20S_323_Mar29_03.49.37,3639.65,20S_323_Mar29_03.49.37_DW.mrc,20S_323_Mar29_03.49.37_EPA.log,19.84,20S_323_Mar29_03.49.37.ctf,20S_323_Mar29_03.49.37_DriftCorr.log,136.9,20S_323_Mar29_03.49.37.mrc,3.006145,20S_323_Mar29_03.49.37_gctf.log,2017-12-05 16:44:42.006874,3523.0
20S_322_Mar29_03.47.31,3042.15,20S_322_Mar29_03.47.31_DW.mrc,20S_322_Mar29_03.47.31_EPA.log,23.89,20S_322_Mar29_03.47.31.ctf,20S_322_Mar29_03.47.31_DriftCorr.log,132.33,20S_322_Mar29_03.47.31.mrc,2.9530119999999997,20S_322_Mar29_03.47.31_gctf.log,2017-12-05 16:45:44.799309,2947.8
20S_321_Mar29_03.45.25,2624.64,20S_321_Mar29_03.45.25_DW.mrc,20S_321_Mar29_03.45.25_EPA.log,12.7,20S_321_Mar29_03.45.25.ctf,20S_321_Mar29_03.45.25_DriftCorr.log,131.84,20S_321_Mar29_03.45.25.mrc,3.261171,20S_321_Mar29_03.45.25_gctf.log,2017-12-05 16:46:47.214274,2535.38
20S_320_Mar29_03.43.19,2551.05,20S_320_Mar29_03.43.19_DW.mrc,20S_320_Mar29_03.43.19_EPA.log,14.73,20S_320_Mar29_03.43.19.ctf,20S_320_Mar29_03.43.19_DriftCorr.log,130.63,20S_320_Mar29_03.43.19.mrc,3.3465949999999998,20S_320_Mar29_03.43.19_gctf.log,2017-12-05 16:47:49.797508,2400.46
20S_319_Mar29_03.41.14,2270.82,20S_319_Mar29_03.41.14_DW.mrc,20S_319_Mar29_03.41.14_EPA.log,19.56,20S_319_Mar29_03.41.14.ctf,20S_319_Mar29_03.41.14_DriftCorr.log,136.15,20S_319_Mar29_03.41.14.mrc,6.041558,20S_319_Mar29_03.41.14_gctf.log,2017-12-05 16:48:52.139305,2187.52
20S_318_Mar29_03.39.09,2816.33,20S_318_Mar29_03.39.09_DW.mrc,20S_318_Mar29_03.39.09_EPA.log,7.48,20S_318_Mar29_03.39.09.ctf,20S_318_Mar29_03.39.09_DriftCorr.log,133.23,20S_318_Mar29_03.39.09.mrc,3.331196,20S_318_Mar29_03.39.09_gctf.log,2017-12-05 16:49:54.508005,2688.57
20S_313_Mar29_03.27.51,2843.28,20S_313_Mar29_03.27.51_DW.mrc,20S_313_Mar29_03.27.51_EPA.log,3.77,20S_313_Mar29_03.27.51.ctf,20S_313_Mar29_03.27.51_DriftCorr.log,117.38,20S_313_Mar29_03.27.51.mrc,3.4640190000000004,20S_313_Mar29_03.27.51_gctf.log,2017-12-05 16:50:57.154177,2742.74
20S_312_Mar29_03.25.25,3603.74,20S_312_Mar29_03.25.25_DW.mrc,20S_312_Mar29_03.25.25_EPA.log,10.97,20S_312_Mar29_03.25.25.ctf,20S_312_Mar29_03.25.25_DriftCorr.log,113.18,20S_312_Mar29_03.25.25.mrc,2.9370380000000003,20S_312_Mar29_03.25.25_gctf.log,2017-12-05 16:51:59.924698,3549.57
20S_311_Mar29_03.23.00,3885.4,20S_311_Mar29_03.23.00_DW.mrc,20S_311_Mar29_03.23.00_EPA.log,12.84,20S_311_Mar29_03.23.00.ctf,20S_311_Mar29_03.23.00_DriftCorr.log,120.12,20S_311_Mar29_03.23.00.mrc,2.878648,20S_311_Mar29_03.23.00_gctf.log,2017-12-05 16:53:02.596324,3799.85
20S_309_Mar29_03.17.59,4423.23,20S_309_Mar29_03.17.59_DW.mrc,20S_309_Mar29_03.17.59_EPA.log,14.63,20S_309_Mar29_03.17.59.ctf,20S_309_Mar29_03.17.59_DriftCorr.log,110.47,20S_309_Mar29_03.17.59.mrc,2.973224,20S_309_Mar29_03.17.59_gctf.log,2017-12-05 16:54:05.114907,4317.58
20S_308_Mar29_03.15.35,4692.72,20S_308_Mar29_03.15.35_DW.mrc,20S_308_Mar29_03.15.35_EPA.log,33.46,20S_308_Mar29_03.15.35.ctf,20S_308_Mar29_03.15.35_DriftCorr.log,92.8,20S_308_Mar29_03.15.35.mrc,3.354347,20S_308_Mar29_03.15.35_gctf.log,2017-12-05 16:55:07.885064,4573.58
20S_307_Mar29_03.13.10,4920.48,20S_307_Mar29_03.13.10_DW.mrc,20S_307_Mar29_03.13.10_EPA.log,23.81,20S_307_Mar29_03.13.10.ctf,20S_307_Mar29_03.13.10_DriftCorr.log,88.6,20S_307_Mar29_03.13.10.mrc,3.131853,20S_307_Mar29_03.13.10_gctf.log,2017-12-05 16:56:10.523355,4862.46
20S_306_Mar29_03.10.40,4977.84,20S_306_Mar29_03.10.40_DW.mrc,20S_306_Mar29_03.10.40_EPA.log,1.31,20S_306_Mar29_03.10.40.ctf,20S_306_Mar29_03.10.40_DriftCorr.log,83.68,20S_306_Mar29_03.10.40.mrc,3.293313,20S_306_Mar29_03.10.40_gctf.log,2017-12-05 16:57:12.110560,4892.52
20S_305_Mar29_03.08.16,4628.6,20S_305_Mar29_03.08.16_DW.mrc,20S_305_Mar29_03.08.16_EPA.log,23.66,20S_305_Mar29_03.08.16.ctf,20S_305_Mar29_03.08.16_DriftCorr.log,92.64,20S_305_Mar29_03.08.16.mrc,3.189339,20S_305_Mar29_03.08.16_gctf.log,2017-12-05 16:58:13.749434,4494.49
20S_304_Mar29_03.06.11,3995.31,20S_304_Mar29_03.06.11_DW.mrc,20S_304_Mar29_03.06.11_EPA.log,17.27,20S_304_Mar29_03.06.11.ctf,20S_304_Mar29_03.06.11_DriftCorr.log,90.47,20S_304_Mar29_03.06.11.mrc,3.111662,20S_304_Mar29_03.06.11_gctf.log,2017-12-05 16:59:15.316157,3904.1
20S_303_Mar29_03.04.05,3407.63,20S_303_Mar29_03.04.05_DW.mrc,20S_303_Mar29_03.04.05_EPA.log,17.57,20S_303_Mar29_03.04.05.ctf,20S_303_Mar29_03.04.05_DriftCorr.log,85.52,20S_303_Mar29_03.04.05.mrc,2.789904,20S_303_Mar29_03.04.05_gctf.log,2017-12-05 17:00:17.018198,3291.45
20S_302_Mar29_03.02.00,2868.89,20S_302_Mar29_03.02.00_DW.mrc,20S_302_Mar29_03.02.00_EPA.log,12.82,20S_302_Mar29_03.02.00.ctf,20S_302_Mar29_03.02.00_DriftCorr.log,94.92,20S_302_Mar29_03.02.00.mrc,12.482413000000001,20S_302_Mar29_03.02.00_gctf.log,2017-12-05 17:01:18.792178,2754.67
20S_301_Mar29_02.59.54,2627.69,20S_301_Mar29_02.59.54_DW.mrc,20S_301_Mar29_02.59.54_EPA.log,25.66,20S_301_Mar29_02.59.54.ctf,20S_301_Mar29_02.59.54_DriftCorr.log,85.74,20S_301_Mar29_02.59.54.mrc,3.147739,20S_301_Mar29_02.59.54_gctf.log,2017-12-05 17:02:20.276721,2533.27
20S_300_Mar29_02.57.49,2434.59,20S_300_Mar29_02.57.49_DW.mrc,20S_300_Mar29_02.57.49_EPA.log,27.76,20S_300_Mar29_02.57.49.ctf,20S_300_Mar29_02.57.49_DriftCorr.log,70.72,20S_300_Mar29_02.57.49.mrc,12.701404,20S_300_Mar29_02.57.49_gctf.log,2017-12-05 17:03:21.896894,2317.49
20S_299_Mar29_02.55.44,2347.27,20S_299_Mar29_02.55.44_DW.mrc,20S_299_Mar29_02.55.44_EPA.log,13.05,20S_299_Mar29_02.55.44.ctf,20S_299_Mar29_02.55.44_DriftCorr.log,65.47,20S_299_Mar29_02.55.44.mrc,12.701404,20S_299_Mar29_02.55.44_gctf.log,2017-12-05 17:04:23.584499,2258.26
20S_298_Mar29_02.53.38,2719.79,20S_298_Mar29_02.53.38_DW.mrc,20S_298_Mar29_02.53.38_EPA.log,66.89,20S_298_Mar29_02.53.38.ctf,20S_298_Mar29_02.53.38_DriftCorr.log,80.62,20S_298_Mar29_02.53.38.mrc,5.027639,20S_298_Mar29_02.53.38_gctf.log,2017-12-05 17:05:25.130824,2764.76
20S_297_Mar29_02.51.32,4020.06,20S_297_Mar29_02.51.32_DW.mrc,20S_297_Mar29_02.51.32_EPA.log,10.1,20S_297_Mar29_02.51.32.ctf,20S_297_Mar29_02.51.32_DriftCorr.log,72.8,20S_297_Mar29_02.51.32.mrc,3.295812,20S_297_Mar29_02.51.32_gctf.log,2017-12-05 17:06:26.837141,3896.04
20S_293_Mar29_02.42.38,3223.81,20S_293_Mar29_02.42.38_DW.mrc,20S_293_Mar29_02.42.38_EPA.log,20.03,20S_293_Mar29_02.42.38.ctf,20S_293_Mar29_02.42.38_DriftCorr.log,60.34,20S_293_Mar29_02.42.38.mrc,2.8959200000000003,20S_293_Mar29_02.42.38_gctf.log,2017-12-05 17:07:28.371239,3153.18
20S_292_Mar29_02.40.13,3691.73,20S_292_Mar29_02.40.13_DW.mrc,20S_292_Mar29_02.40.13_EPA.log,17.01,20S_292_Mar29_02.40.13.ctf,20S_292_Mar29_02.40.13_DriftCorr.log,51.07,20S_292_Mar29_02.40.13.mrc,2.9370380000000003,20S_292_Mar29_02.40.13_gctf.log,2017-12-05 17:08:29.921161,3633.81
20S_291_Mar29_02.37.49,4022.19,20S_291_Mar29_02.37.49_DW.mrc,20S_291_Mar29_02.37.49_EPA.log,18.13,20S_291_Mar29_02.37.49.ctf,20S_291_Mar29_02.37.49_DriftCorr.log,39.69,20S_291_Mar29_02.37.49.mrc,3.0144900000000003,20S_291_Mar29_02.37.49_gctf.log,2017-12-05 17:09:31.462401,3892.05
20S_290_Mar29_02.35.23,4284.62,20S_290_Mar29_02.35.23_DW.mrc,20S_290_Mar29_02.35.23_EPA.log,11.7,20S_290_Mar29_02.35.23.ctf,20S_290_Mar29_02.35.23_DriftCorr.log,33.35,20S_290_Mar29_02.35.23.mrc,2.945003,20S_290_Mar29_02.35.23_gctf.log,2017-12-05 17:10:33.158537,4175.79
20S_288_Mar29_02.30.07,4967.21,20S_288_Mar29_02.30.07_DW.mrc,20S_288_Mar29_02.30.07_EPA.log,0.4,20S_288_Mar29_02.30.07.ctf,20S_288_Mar29_02.30.07_DriftCorr.log,139.98,20S_288_Mar29_02.30.07.mrc,3.159185,20S_288_Mar29_02.30.07_gctf.log,2017-12-05 17:11:34.798034,4721.89
20S_287_Mar29_02.27.42,4880.19,20S_287_Mar29_02.27.42_DW.mrc,20S_287_Mar29_02.27.42_EPA.log,89.95,20S_287_Mar29_02.27.42.ctf,20S_287_Mar29_02.27.42_DriftCorr.log,139.22,20S_287_Mar29_02.27.42.mrc,3.1027709999999997,20S_287_Mar29_02.27.42_gctf.log,2017-12-05 17:12:36.496397,5127.36
20S_286_Mar29_02.25.17,5147.09,20S_286_Mar29_02.25.17_DW.mrc,20S_286_Mar29_02.25.17_EPA.log,0.18,20S_286_Mar29_02.25.17.ctf,20S_286_Mar29_02.25.17_DriftCorr.log,129.55,20S_286_Mar29_02.25.17.mrc,3.3134099999999997,20S_286_Mar29_02.25.17_gctf.log,2017-12-05 17:13:39.171368,4914.83
20S_285_Mar29_02.22.53,4434.18,20S_285_Mar29_02.22.53_DW.mrc,20S_285_Mar29_02.22.53_EPA.log,86.61,20S_285_Mar29_02.22.53.ctf,20S_285_Mar29_02.22.53_DriftCorr.log,132.27,20S_285_Mar29_02.22.53.mrc,3.32355,20S_285_Mar29_02.22.53_gctf.log,2017-12-05 17:14:42.203680,4712.0
20S_284_Mar29_02.20.28,3939.35,20S_284_Mar29_02.20.28_DW.mrc,20S_284_Mar29_02.20.28_EPA.log,4.02,20S_284_Mar29_02.20.28.ctf,20S_284_Mar29_02.20.28_DriftCorr.log,125.3,20S_284_Mar29_02.20.28.mrc,2.921237,20S_284_Mar29_02.20.28_gctf.log,2017-12-05 17:15:45.054548,3694.84
20S_283_Mar29_02.18.23,3176.12,20S_283_Mar29_02.18.23_DW.mrc,20S_283_Mar29_02.18.23_EPA.log,3.22,20S_283_Mar29_02.18.23.ctf,20S_283_Mar29_02.18.23_DriftCorr.log,139.44,20S_283_Mar29_02.18.23.mrc,3.263621,20S_283_Mar29_02.18.23_gctf.log,2017-12-05 17:16:47.743011,2908.25
20S_282_Mar29_02.15.50,2685.23,20S_282_Mar29_02.15.50_DW.mrc,20S_282_Mar29_02.15.50_EPA.log,2.97,20S_282_Mar29_02.15.50.ctf,20S_282_Mar29_02.15.50_DriftCorr.log,135.93,20S_282_Mar29_02.15.50.mrc,2.995779,20S_282_Mar29_02.15.50_gctf.log,2017-12-05 17:17:49.410887,2457.08
20S_281_Mar29_02.13.44,2545.92,20S_281_Mar29_02.13.44_DW.mrc,20S_281_Mar29_02.13.44_EPA.log,8.32,20S_281_Mar29_02.13.44.ctf,20S_281_Mar29_02.13.44_DriftCorr.log,127.69,20S_281_Mar29_02.13.44.mrc,3.523017,20S_281_Mar29_02.13.44_gctf.log,2017-12-05 17:18:51.065674,2271.15
20S_280_Mar29_02.11.39,2223.81,20S_280_Mar29_02.11.39_DW.mrc,20S_280_Mar29_02.11.39_EPA.log,89.63,20S_280_Mar29_02.11.39.ctf,20S_280_Mar29_02.11.39_DriftCorr.log,131.28,20S_280_Mar29_02.11.39.mrc,3.589983,20S_280_Mar29_02.11.39_gctf.log,2017-12-05 17:19:52.731300,2476.98
20S_279_Mar29_02.09.33,2414.01,20S_279_Mar29_02.09.33_DW.mrc,20S_279_Mar29_02.09.33_EPA.log,81.06,20S_279_Mar29_02.09.33.ctf,20S_279_Mar29_02.09.33_DriftCorr.log,130.61,20S_279_Mar29_02.09.33.mrc,8.722650999999999,20S_279_Mar29_02.09.33_gctf.log,2017-12-05 17:20:54.316585,2694.91
20S_278_Mar29_02.07.27,3198.37,20S_278_Mar29_02.07.27_DW.mrc,20S_278_Mar29_02.07.27_EPA.log,6.8,20S_278_Mar29_02.07.27.ctf,20S_278_Mar29_02.07.27_DriftCorr.log,128.43,20S_278_Mar29_02.07.27.mrc,3.833963,20S_278_Mar29_02.07.27_gctf.log,2017-12-05 17:21:55.847168,2954.59
20S_277_Mar29_02.05.21,4082.06,20S_277_Mar29_02.05.21_DW.mrc,20S_277_Mar29_02.05.21_EPA.log,7.4,20S_277_Mar29_02.05.21.ctf,20S_277_Mar29_02.05.21_DriftCorr.log,116.18,20S_277_Mar29_02.05.21.mrc,4.548565,20S_277_Mar29_02.05.21_gctf.log,2017-12-05 17:22:57.276645,3556.95
20S_276_Mar29_02.03.15,4001.34,20S_276_Mar29_02.03.15_DW.mrc,20S_276_Mar29_02.03.15_EPA.log,2.92,20S_276_Mar29_02.03.15.ctf,20S_276_Mar29_02.03.15_DriftCorr.log,111.29,20S_276_Mar29_02.03.15.mrc,2.949002,20S_276_Mar29_02.03.15_gctf.log,2017-12-05 17:23:58.909111,3751.66
20S_275_Mar29_02.01.08,4530.8,20S_275_Mar29_02.01.08_DW.mrc,20S_275_Mar29_02.01.08_EPA.log,6.51,20S_275_Mar29_02.01.08.ctf,20S_275_Mar29_02.01.08_DriftCorr.log,107.43,20S_275_Mar29_02.01.08.mrc,3.650319,20S_275_Mar29_02.01.08_gctf.log,2017-12-05 17:25:00.659812,4212.4
20S_273_Mar29_01.56.54,2584.44,20S_273_Mar29_01.56.54_DW.mrc,20S_273_Mar29_01.56.54_EPA.log,81.83,20S_273_Mar29_01.56.54.ctf,20S_273_Mar29_01.56.54_DriftCorr.log,109.93,20S_273_Mar29_01.56.54.mrc,12.482413000000001,20S_273_Mar29_01.56.54_gctf.log,2017-12-05 17:26:02.394270,2830.08
20S_272_Mar29_01.54.28,3276.98,20S_272_Mar29_01.54.28_DW.mrc,20S_272_Mar29_01.54.28_EPA.log,84.66,20S_272_Mar29_01.54.28.ctf,20S_272_Mar29_01.54.28_DriftCorr.log,109.78,20S_272_Mar29_01.54.28.mrc,3.041933,20S_272_Mar29_01.54.28_gctf.log,2017-12-05 17:27:04.035690,3496.17
20S_271_Mar29_01.52.03,3604.82,20S_271_Mar29_01.52.03_DW.mrc,20S_271_Mar29_01.52.03_EPA.log,82.99,20S_271_Mar29_01.52.03.ctf,20S_271_Mar29_01.52.03_DriftCorr.log,117.37,20S_271_Mar29_01.52.03.mrc,2.658433,20S_271_Mar29_01.52.03_gctf.log,2017-12-05 17:28:05.491298,3806.79
20S_270_Mar29_01.49.39,3896.2,20S_270_Mar29_01.49.39_DW.mrc,20S_270_Mar29_01.49.39_EPA.log,86.07,20S_270_Mar29_01.49.39.ctf,20S_270_Mar29_01.49.39_DriftCorr.log,111.77,20S_270_Mar29_01.49.39.mrc,2.673157,20S_270_Mar29_01.49.39_gctf.log,2017-12-05 17:29:07.190972,4122.54
20S_269_Mar29_01.47.15,4382.95,20S_269_Mar29_01.47.15_DW.mrc,20S_269_Mar29_01.47.15_EPA.log,1.25,20S_269_Mar29_01.47.15.ctf,20S_269_Mar29_01.47.15_DriftCorr.log,108.82,20S_269_Mar29_01.47.15.mrc,2.708154,20S_269_Mar29_01.47.15_gctf.log,2017-12-05 17:30:10.009563,4125.15
20S_268_Mar29_01.45.08,4716.07,20S_268_Mar29_01.45.08_DW.mrc,20S_268_Mar29_01.45.08_EPA.log,7.65,20S_268_Mar29_01.45.08.ctf,20S_268_Mar29_01.45.08_DriftCorr.log,102.43,20S_268_Mar29_01.45.08.mrc,2.969159,20S_268_Mar29_01.45.08_gctf.log,2017-12-05 17:31:12.861687,4462.28
20S_267_Mar29_01.43.02,5101.46,20S_267_Mar29_01.43.02_DW.mrc,20S_267_Mar29_01.43.02_EPA.log,1.17,20S_267_Mar29_01.43.02.ctf,20S_267_Mar29_01.43.02_DriftCorr.log,102.21,20S_267_Mar29_01.43.02.mrc,2.979342,20S_267_Mar29_01.43.02_gctf.log,2017-12-05 17:32:14.536217,4802.48
20S_266_Mar29_01.40.55,5328.97,20S_266_Mar29_01.40.55_DW.mrc,20S_266_Mar29_01.40.55_EPA.log,3.41,20S_266_Mar29_01.40.55.ctf,20S_266_Mar29_01.40.55_DriftCorr.log,101.4,20S_266_Mar29_01.40.55.mrc,3.215307,20S_266_Mar29_01.40.55_gctf.log,2017-12-05 17:33:16.394007,5014.91
20S_265_Mar29_01.38.49,4944.66,20S_265_Mar29_01.38.49_DW.mrc,20S_265_Mar29_01.38.49_EPA.log,4.81,20S_265_Mar29_01.38.49.ctf,20S_265_Mar29_01.38.49_DriftCorr.log,93.09,20S_265_Mar29_01.38.49.mrc,3.159185,20S_265_Mar29_01.38.49_gctf.log,2017-12-05 17:34:18.214166,4643.41
